,n,Insertion Sort,Merge Sort,Quick Sort
###############################################,,,,
,5,17,17,21
,10,15,28,35
,15,22,42,49
,20,29,61,60
,25,39,78,100
,30,48,100,113
,35,65,116,103
,40,85,134,131
,45,83,152,153
,50,95,192,186
,55,108,220,248
,60,123,229,214
,65,141,233,210
,70,166,253,236
,75,181,288,292
,80,210,314,303
,85,245,349,302
,90,256,349,320
,95,314,398,389
,100,273,386,396
,105,312,407,406
,110,336,429,391
,115,347,459,439
,120,392,473,456
,125,411,504,492
,130,439,514,535
,135,520,557,541
,140,525,604,549
,145,512,599,545
,150,572,606,558
,155,624,629,570
,160,607,647,608
,165,703,675,630
,170,686,697,657
,175,753,720,636
,180,770,788,683
,185,820,768,722
,190,913,816,810
,195,892,814,734
,200,989,834,741
,205,1010,862,787
,210,1016,885,840
,215,1112,924,830
,220,1077,926,897
,225,1194,953,863
,230,1274,978,873
,235,1243,1043,905
,240,1339,1027,956
,245,1475,1059,1012
,250,1471,1078,974
,255,1467,1109,1057
,260,1525,1142,1069
,265,1545,1162,1076
,270,1674,1177,1051
,275,1732,1264,1152
,280,1735,1265,1178
,285,1807,1349,1230
,290,2045,1314,1152
,295,1898,1303,1134
,300,2047,1333,1266
,305,2035,1359,1234
,310,2023,1379,1258
,315,2202,1419,1268
,320,2377,1437,1290
,325,2323,1490,1357
,330,2281,1488,1344
,335,2354,1514,1420
,340,2488,1544,1377
,345,2575,1558,1417
,350,2768,1577,1468
,355,2659,1622,1402
,360,2756,1625,1504
,365,2832,1662,1426
,370,2854,1684,1464
,375,2975,1709,1532
,380,3055,1730,1525
,385,3192,1789,1681
,390,3220,1781,1597
,395,3294,1793,1629
,400,3258,1821,1617
,405,3379,1852,1818
,410,3653,1890,1818
,415,3780,1900,1867
,420,3707,1956,1757
,425,3835,1955,1715
,430,3799,1999,2000
,435,4037,2015,1776
,440,4021,2047,1877
,445,4099,2073,1921
,450,4127,2102,2019
,455,4442,2116,1885
,460,4548,2158,1880
,465,4841,2177,1979
,470,4447,2242,2052
,475,4924,2213,2012
,480,4960,2274,1961
,485,4900,2265,2043
,490,4981,2298,2136
,495,4992,2431,2095
,500,5033,2348,2108
###############################################,,,,
,5,11,14,15
,10,14,27,27
,15,21,43,54
,20,31,60,59
,25,39,77,96
,30,49,101,89
,35,56,114,121
,40,71,133,132
,45,84,155,143
,50,95,170,170
,55,106,194,174
,60,135,212,203
,65,147,232,224
,70,160,257,241
,75,180,272,256
,80,216,292,262
,85,232,317,304
,90,249,333,314
,95,276,355,334
,100,289,381,340
,105,313,401,377
,110,324,424,422
,115,348,451,402
,120,377,470,451
,125,441,511,530
,130,431,514,512
,135,485,550,491
,140,507,557,551
,145,537,585,557
,150,643,620,557
,155,605,630,571
,160,645,652,626
,165,726,668,616
,170,674,696,630
,175,741,722,656
,180,861,742,661
,185,766,768,718
,190,836,793,727
,195,881,812,766
,200,939,850,870
,205,992,860,782
,210,992,894,826
,215,1056,913,883
,220,1127,932,876
,225,1215,955,881
,230,1180,980,877
,235,1221,1002,897
,240,1363,1024,995
,245,1282,1056,1076
,250,1388,1075,983
,255,1439,1100,996
,260,1649,1132,1041
,265,1525,1196,1030
,270,1708,1181,1073
,275,1744,1200,1086
,280,1748,1244,1152
,285,1880,1289,1139
,290,1685,1277,1272
,295,1763,1295,1183
,300,2044,1324,1259
,305,2123,1357,1194
,310,1979,1474,1236
,315,2231,1412,1291
,320,2362,1424,1301
,325,2123,1448,1278
,330,2287,1507,1333
,335,2446,1560,1344
,340,2544,1534,1330
,345,2545,1583,1487
,350,2806,1669,1479
,355,2709,1604,1484
,360,2876,1625,1513
,365,3020,1653,1480
,370,2944,1721,1567
,375,2995,1762,1597
,380,2924,1727,1631
,385,2997,1772,1576
,390,3299,1780,1580
,395,3514,1821,1685
,400,3458,1915,1738
,405,3422,1855,1656
,410,3549,1889,1647
,415,3684,1956,1715
,420,3552,1930,1732
,425,3805,1952,1712
,430,4002,2012,1835
,435,3987,2034,1744
,440,4016,2039,1985
,445,4437,2052,1933
,450,4161,2094,1810
,455,4275,2123,1834
,460,4292,2141,1939
,465,4377,2199,2075
,470,4885,2275,2040
,475,4465,2215,2037
,480,4726,2238,1934
,485,4799,2266,2103
,490,4913,2309,2041
,495,5174,2331,2287
,500,5388,2352,2125
###############################################,,,,
,5,14,16,16
,10,16,27,37
,15,22,43,46
,20,28.9999999999,59,60.0000000001
,25,42,77.9999999999,83.0000000001
,30,49,95,93
,35,55,114,113
,40,78,131,132
,45,81,152,158
,50,100,171,170
,55,111,201,185
,60,138,210,205
,65,156,234,210
,70,153,252,241
,75,200,275,275
,80,192,294,281
,85,237,324,303
,90,238,342,318
,95,260,372,378
,100,301,391,363
,105,311,404,386
,110,350,453,444
,115,381,467,452
,120,388,497,440
,125,410,498,492
,130,461,525,505
,135,473,551,552
,140,486,573,561
,145,528,598,570
,150,584,663,586
,155,559,642,610
,160,657,699,629
,165,659,692,654
,170,707,743,635
,175,761,715,667
,180,844,748,681
,185,876,793,706
,190,819,797,745
,195,877,814,765
,200,980,839,771
,205,948,864,846
,210,1148,884,820
,215,1037,906,834
,220,1109,958,868
,225,1157,949,897
,230,1292,994,921
,235,1371,1024,914
,240,1404,1145,1011
,245,1486,1068,977
,250,1476,1097,1005
,255,1559,1114,1035
,260,1533,1200,1104
,265,1618,1195,1080
,270,1680,1196,1100
,275,1672,1228,1148
,280,1729,1340,1229
,285,1781,1320,1161
,290,1799,1308,1157
,295,2021,1451,1298
,300,2062,1390,1268
,305,2089,1501,1491
,310,2241,1478,1344
,315,2188,1452,1407
,320,2305,1454,1333
,325,2378,1493,1392
,330,2417,1482,1410
,335,2545,1500,1383
,340,2459,1521,1440
,345,2658,1583,1426
,350,2700,1584,1499
,355,2721,1603,1408
,360,2698,1629,1433
,365,2948,1655,1484
,370,3030,1705,1553
,375,3030,1703,1628
,380,3039,1733,1532
,385,3152,1796,1595
,390,3185,1784,1678
,395,3320,1810,1699
,400,3423,1830,1677
,405,3394,1866,1702
,410,3497,1901,1642
,415,3603,1918,1704
,420,3607,1926,1799
,425,3685,1962,1733
,430,3871,1972,1808
,435,4173,2051,1792
,440,4034,2025,1839
,445,4243,2061,1868
,450,4167,2128,1922
,455,4303,2133,1895
,460,4435,2183,2057
,465,4560,2160,1906
,470,4681,2208,1982
,475,4952,2220,1905
,480,4744,2243,2070
,485,4995,2419,2043
,490,4910,2370,2237
,495,5339,2361,2111
,500,5385,2426,2195
###############################################,,,,
,5,14.9999999999,16.9999999999,14.0000000002
,10,17.9999999999,27.9999999999,30
,15,23.9999999998,43,47.0000000001
,20,30.9999999999,59.9999999999,60.0000000002
,25,39.0000000001,78.9999999999,73
,30,49,95.9999999999,106
,35,61.0000000001,116,114
,40,71.9999999998,145,127
,45,87.9999999999,153,148
,50,93.0000000001,179,170
,55,110,190,200
,60,120,225,212
,65,154,242,226
,70,171,256,267
,75,186,276,267
,80,204,294,330
,85,251,348,321
,90,236,354,308
,95,235,362,348
,100,343,387,364
,105,301,402,373
,110,321,423,408
,115,365,455,459
,120,386,493,435
,125,410,492,459
,130,429,529,484
,135,460,536,544
,140,469,558,557
,145,540,597,589
,150,563,612,553
,155,568,628,564
,160,637,651,597
,165,631,677,616
,170,692,699,629
,175,728,719,656
,180,782,740,687
,185,827,781,746
,190,867,784,712
,195,922,812,785
,200,933,835,743
,205,1063,861,794
,210,1034,894,859
,215,1065,913,846
,220,1195,923,885
,225,1173,950,887
,230,1163,987,917
,235,1327,1015,917
,240,1321,1081,982
,245,1322,1049,1001
,250,1375,1070,993
,255,1370,1118,1072
,260,1568,1139,1043
,265,1744,1158,1071
,270,1570,1173,1069
,275,1648,1201,1163
,280,1765,1231,1121
,285,1829,1265,1147
,290,1808,1274,1165
,295,1999,1327,1184
,300,2082,1395,1209
,305,1900,1348,1202
,310,2025,1371,1276
,315,2036,1402,1290
,320,2239,1426,1265
,325,2280,1474,1313
,330,2464,1476,1344
,335,2494,1507,1361
,340,2352,1534,1351
,345,2541,1558,1359
,350,2605,1569,1426
,355,2859,1599,1410
,360,2729,1631,1516
,365,2743,1657,1509
,370,2689,1706,1523
,375,2867,1763,1592
,380,3093,1722,1488
,385,3089,1749,1559
,390,3170,1783,1678
,395,3238,1796,1637
,400,3374,1849,1701
,405,3364,1848,1773
,410,3411,1892,1730
,415,3385,1911,1650
,420,3937,2007,1714
,425,3759,1958,1700
,430,3859,1988,1781
,435,4074,2007,1847
,440,4116,2069,1789
,445,4085,2055,1881
,450,4593,2109,1883
,455,4669,2227,2048
,460,4429,2235,2005
,465,4856,2256,2038
,470,4901,2204,1935
,475,4450,2211,2010
,480,4668,2243,1956
,485,4920,2268,2074
,490,5231,2391,2076
,495,4900,2360,2213
,500,5149,2380,2083
###############################################,,11,14.9999999999,11
,5,14.9999999999,27.9999999999,33.0000000002
,10,21,42.0000000001,38
,15,30,58.9999999998,60.0000000002
,20,39.0000000001,76,75
,25,64.0000000001,93.9999999998,100
,30,57,114,116
,35,72.0000000001,132,137
,40,83.0000000001,152,153
,45,103,169,152
,50,126,193,174
,55,118,213,220
,60,146,236,243
,65,146,268,251
,70,180,284,278
,75,201,292,299
,80,215,317,307
,85,244,337,329
,90,276,357,329
,95,273,378,420
,100,300,404,361
,105,327,424,400
,110,361,448,407
,115,357,467,450
,120,388,492,486
,125,471,509,475
,130,491,539,481
,135,501,597,562
,140,578,587,555
,145,560,608,596
,150,620,629,615
,155,615,644,608
,160,670,672,623
,165,688,697,688
,170,765,752,727
,175,784,784,702
,180,830,770,698
,185,802,785,725
,190,930,812,750
,195,852,837,820
,200,1014,873,835
,205,1085,881,803
,210,1049,910,823
,215,1095,931,848
,220,1109,951,882
,225,1183,1002,953
,230,1289,1004,902
,235,1356,1050,910
,240,1312,1049,973
,245,1376,1073,981
,250,1469,1113,977
,255,1418,1129,1022
,260,1646,1155,1122
,265,1563,1220,1046
,270,1642,1206,1042
,275,1736,1230,1141
,280,1827,1251,1148
,285,1889,1278,1183
,290,1840,1313,1119
,295,1972,1326,1261
,300,2022,1357,1267
,305,2197,1373,1210
,310,2189,1403,1312
,315,2195,1428,1291
,320,2230,1445,1293
,325,2403,1479,1344
,330,2368,1511,1387
,335,2514,1571,1392
,340,2629,1549,1469
,345,2664,1581,1505
,350,2679,1607,1382
,355,2905,1626,1447
,360,2756,1652,1444
,365,2836,1684,1528
,370,2873,1787,1547
,375,2974,1729,1526
,380,3165,1774,1559
,385,3136,1773,1605
,390,3287,1824,1669
,395,3496,1857,1633
,400,3625,1973,1594
,405,3811,1960,1776
,410,3529,1948,1751
,415,3786,2039,2010
,420,4010,2077,1800
,425,4020,1995,1809
,430,3884,2039,1941
,435,4085,2035,1825
,440,4340,2088,2075
,445,4374,2213,2136
,450,4691,2377,2005
,455,4802,2223,2061
,460,4554,2272,2264
,465,4739,2244,1969
,470,4931,2271,2002
,475,5025,2423,2278
,480,4935,2357,2328
,485,5087,2381,2059
,490,5753,2486,2331
,495,5475,2503,2169
,500,,,
###############################################,,,,
,5,13,17.0000000002,18.0000000003
,10,16,27.0000000002,32
,15,31.9999999996,51,68.0000000002
,20,32.9999999997,77.9999999998,64.0000000001
,25,42.9999999998,80.0000000001,71.9999999998
,30,51,109,103
,35,71.0000000002,116,114
,40,80.0000000001,135,129
,45,78.9999999999,161,156
,50,96.9999999998,171,176
,55,119,191,335
,60,148,245,234
,65,133,237,223
,70,167,254,267
,75,172,275,277
,80,201,292,281
,85,226,323,293
,90,240,342,336
,95,264,361,331
,100,384,402,369
,105,303,424,420
,110,332,503,453
,115,371,515,481
,120,367,469,443
,125,397,493,475
,130,430,514,479
,135,504,539,468
,140,524,561,519
,145,544,579,554
,150,570,630,605
,155,606,634,596
,160,638,658,679
,165,657,677,656
,170,707,718,751
,175,754,729,729
,180,799,741,716
,185,804,771,731
,190,917,884,816
,195,934,830,788
,200,921,850,795
,205,1055,866,798
,210,985,886,810
,215,1093,928,864
,220,1100,929,841
,225,1175,954,898
,230,1186,1015,920
,235,1266,1005,875
,240,1325,1024,921
,245,1338,1072,974
,250,1429,1075,1007
,255,1403,1102,1005
,260,1583,1128,987
,265,1466,1151,996
,270,1592,1186,1057
,275,1579,1233,1146
,280,1750,1229,1086
,285,1666,1251,1156
,290,1829,1288,1165
,295,1880,1335,1226
,300,1828,1352,1283
,305,1969,1351,1180
,310,2182,1492,1303
,315,2158,1408,1361
,320,2394,1427,1307
,325,2144,1494,1377
,330,2427,1483,1297
,335,2545,1494,1369
,340,2565,1528,1341
,345,2664,1553,1413
,350,2591,1575,1458
,355,2762,1622,1503
,360,2868,1714,1743
,365,2957,1755,1568
,370,3097,1694,1567
,375,2966,1726,1672
,380,3200,1749,1568
,385,3401,1798,1646
,390,3066,1894,1728
,395,3194,1860,1700
,400,3559,1878,1689
,405,3520,2021,1654
,410,3855,1917,1844
,415,3960,1955,1812
,420,3717,1994,1812
,425,3964,2144,1886
,430,3977,2023,1887
,435,3850,2090,2062
,440,4169,2040,2027
,445,4413,2315,1900
,450,4389,2154,1891
,455,4607,2157,1920
,460,4493,2370,1983
,465,4565,2170,1858
,470,4416,2278,2113
,475,4706,2215,2034
,480,4834,2243,2029
,485,4928,2355,2282
,490,5366,2458,2105
,495,5109,2414,2208
,500,5187,2413,2327
###############################################,,,,
,5,16,16,16
,10,16,28.0000000004,29.0000000001
,15,19.9999999997,42.0000000001,39.9999999998
,20,30.9999999999,58.9999999998,55.9999999998
,25,35.9999999997,77.0000000001,77.0000000001
,30,48,93.9999999998,101
,35,57.0000000004,113,111
,40,72.0000000003,132,136
,45,80.0000000001,157,161
,50,96.9999999998,170,159
,55,112,196,189
,60,122,210,196
,65,168,230,221
,70,171,259,256
,75,162,271,278
,80,203,293,302
,85,213,326,305
,90,252,341,343
,95,301,382,399
,100,266,385,397
,105,316,414,354
,110,328,439,416
,115,396,451,439
,120,389,484,481
,125,448,496,482
,130,440,526,483
,135,501,592,563
,140,532,573,529
,145,563,590,541
,150,605,605,590
,155,623,632,626
,160,732,706,658
,165,694,684,647
,170,722,711,716
,175,744,728,711
,180,811,770,740
,185,839,778,762
,190,826,835,707
,195,899,824,769
,200,947,834,811
,205,1018,861,800
,210,986,942,916
,215,1129,915,888
,220,1154,937,916
,225,1111,1083,979
,230,1129,993,856
,235,1282,1004,904
,240,1324,1120,961
,245,1461,1061,979
,250,1437,1089,1088
,255,1419,1143,1047
,260,1514,1207,1143
,265,1599,1166,1068
,270,1733,1199,1077
,275,1661,1220,1156
,280,1778,1277,1347
,285,1853,1253,1158
,290,1871,1276,1183
,295,1758,1373,1246
,300,2006,1356,1206
,305,2061,1356,1273
,310,2107,1372,1264
,315,2261,1401,1257
,320,2171,1446,1384
,325,2279,1488,1327
,330,2410,1488,1507
,335,2369,1571,1345
,340,2484,1525,1385
,345,2560,1555,1417
,350,2593,1576,1376
,355,2635,1608,1510
,360,2845,1717,1468
,365,2839,1648,1469
,370,3004,1692,1487
,375,2852,1713,1597
,380,3272,1746,1548
,385,3187,1802,1648
,390,3236,1806,1797
,395,3303,1811,1612
,400,3402,1843,1632
,405,3250,1853,1769
,410,3567,1885,1697
,415,3437,2041,1761
,420,4062,1991,1839
,425,3841,2011,1795
,430,4029,2110,1786
,435,4186,2041,1765
,440,4329,2091,1912
,445,4501,2154,1925
,450,4170,2320,1944
,455,4408,2270,1907
,460,4549,2146,1843
,465,4554,2178,1961
,470,4216,2190,1947
,475,4835,2234,2213
,480,4717,2232,1980
,485,5045,2270,2073
,490,5106,2308,2024
,495,5202,2327,2065
,500,5099,2348,2166
###############################################,,,,
,5,11.0000000002,15.0000000003,14.0000000002
,10,16,27.0000000002,30.9999999999
,15,20.9999999998,41.9999999997,40.0000000003
,20,35,59.0000000003,64.0000000001
,25,36.9999999998,76,69.0000000003
,30,46.9999999999,95,93.0000000001
,35,54,114,116
,40,71.9999999998,132,123
,45,80.0000000001,151,155
,50,91.0000000003,176,164
,55,117,250,191
,60,143,211,226
,65,149,231,234
,70,152,252,232
,75,176,272,259
,80,206,298,285
,85,221,321,306
,90,245,340,320
,95,261,358,381
,100,280,385,341
,105,303,403,364
,110,325,431,393
,115,343,447,408
,120,364,480,459
,125,470,494,511
,130,422,519,469
,135,461,536,477
,140,483,563,493
,145,539,589,517
,150,558,603,549
,155,570,625,572
,160,624,644,651
,165,698,672,666
,170,753,725,720
,175,727,721,652
,180,811,744,716
,185,805,767,715
,190,844,791,715
,195,905,817,794
,200,935,835,745
,205,993,893,814
,210,1022,888,819
,215,1048,907,798
,220,1155,926,855
,225,1187,977,934
,230,1235,1003,945
,235,1189,1006,944
,240,1296,1022,919
,245,1382,1053,946
,250,1411,1087,940
,255,1520,1103,1002
,260,1421,1119,1061
,265,1610,1151,1009
,270,1602,1210,1152
,275,1639,1402,1241
,280,1782,1282,1229
,285,1952,1283,1173
,290,1830,1326,1112
,295,1849,1300,1153
,300,1894,1329,1175
,305,1950,1357,1306
,310,2137,1440,1289
,315,2159,1398,1295
,320,2145,1425,1265
,325,2329,1458,1309
,330,2267,1475,1411
,335,2506,1504,1427
,340,2504,1550,1435
,345,2561,1548,1463
,350,2417,1573,1394
,355,2623,1636,1468
,360,2917,1659,1551
,365,2872,1668,1451
,370,3110,1738,1520
,375,2927,1703,1517
,380,3106,1737,1512
,385,3274,1753,1626
,390,3227,1774,1598
,395,3256,1857,1731
,400,3365,1831,1620
,405,3568,1907,1953
,410,3557,1875,1790
,415,3692,1903,1677
,420,3640,1932,1725
,425,3705,1995,1797
,430,3802,1988,1723
,435,3765,2130,1861
,440,4256,2121,1882
,445,4177,2125,1921
,450,4242,2223,2077
,455,4442,2221,1965
,460,4761,2305,1925
,465,4451,2304,2133
,470,4592,2195,1972
,475,4517,2236,2119
,480,4916,2232,2088
,485,4952,2265,2014
,490,4858,2328,2105
,495,5203,2318,2158
,500,5134,2417,2189
###############################################,,,,
,5,11.9999999999,14.9999999999,13.9999999997
,10,16,27.0000000002,28.0000000004
,15,22,43.0000000002,45.9999999998
,20,30.0000000002,59.0000000003,54.9999999997
,25,37.0000000003,76.9999999997,122
,30,47.9999999996,96.0000000001,90.0000000001
,35,59.9999999999,113,110
,40,80.0000000001,133,122
,45,79.0000000004,152,143
,50,92.9999999997,176,166
,55,111,189,179
,60,121,215,191
,65,143,231,215
,70,143,251,244
,75,177,275,233
,80,186,293,285
,85,227,314,295
,90,224,339,329
,95,238,358,373
,100,271,383,374
,105,305,412,362
,110,343,437,406
,115,405,453,434
,120,381,471,419
,125,448,487,476
,130,464,517,478
,135,469,533,490
,140,494,591,509
,145,517,588,559
,150,552,605,543
,155,585,627,566
,160,608,644,605
,165,636,668,610
,170,687,697,693
,175,691,719,693
,180,739,746,740
,185,777,767,747
,190,838,792,754
,195,879,810,699
,200,910,890,811
,205,986,861,807
,210,986,884,829
,215,1036,908,813
,220,1122,938,833
,225,1145,954,872
,230,1180,975,926
,235,1266,1002,987
,240,1401,1075,916
,245,1269,1058,976
,250,1413,1083,1021
,255,1406,1109,972
,260,1585,1121,990
,265,1577,1151,1050
,270,1623,1174,1080
,275,1682,1238,1132
,280,1690,1244,1184
,285,1772,1247,1117
,290,1795,1311,1180
,295,1946,1306,1189
,300,2050,1329,1224
,305,1985,1368,1258
,310,2176,1375,1265
,315,2205,1402,1282
,320,2282,1423,1371
,325,2279,1489,1366
,330,2371,1484,1343
,335,2372,1522,1344
,340,2375,1578,1369
,345,2521,1554,1366
,350,2774,1569,1405
,355,2666,1687,1407
,360,2860,1624,1512
,365,2869,1709,1488
,370,3050,1695,1606
,375,3072,1699,1599
,380,2879,1730,1536
,385,3363,1744,1583
,390,3212,1787,1666
,395,3396,1804,1606
,400,3398,1825,1688
,405,3697,1856,1754
,410,3669,1909,1685
,415,3654,1960,1819
,420,3663,1933,1642
,425,3836,1962,1858
,430,3940,2003,1783
,435,4094,2194,1784
,440,4107,2119,1839
,445,4328,2113,1881
,450,4511,2152,1960
,455,4300,2268,1946
,460,4948,2228,1931
,465,4600,2225,2031
,470,4871,2244,1883
,475,4943,2272,2080
,480,5018,2579,2060
,485,4786,2297,2210
,490,5415,2346,2105
,495,5380,2398,2310
,500,5258,2419,2225
###############################################,,,,
,5,13,14.9999999999,16
,10,14.9999999999,27.9999999999,26.9999999998
,15,22,42.9999999998,46.9999999999
,20,30.0000000002,67,61.0000000001
,25,40.0000000003,78.9999999999,106
,30,50.0000000003,95,102
,35,58.0000000001,115,105
,40,70.9999999997,133,128
,45,83.0000000001,152,144
,50,99.9999999998,179,168
,55,102,191,192
,60,131,211,215
,65,141,237,229
,70,148,253,245
,75,205,275,312
,80,253,304,293
,85,224,323,352
,90,242,343,316
,95,253,359,472
,100,331,430,382
,105,289,415,413
,110,347,439,402
,115,369,448,422
,120,526,505,506
,125,456,526,495
,130,447,543,536
,135,466,535,517
,140,504,559,568
,145,572,586,558
,150,571,611,589
,155,639,657,608
,160,692,666,603
,165,651,687,638
,170,720,705,658
,175,738,746,719
,180,808,793,720
,185,867,785,716
,190,801,833,794
,195,917,839,849
,200,1063,864,859
,205,925,878,804
,210,1052,892,849
,215,1075,950,842
,220,1177,970,892
,225,1247,1050,952
,230,1267,1110,901
,235,1245,1052,939
,240,1298,1027,924
,245,1323,1045,963
,250,1482,1089,1082
,255,1541,1105,1111
,260,1513,1145,1060
,265,1549,1181,1071
,270,1582,1252,1170
,275,1683,1325,1135
,280,1733,1243,1105
,285,1811,1262,1237
,290,1966,1305,1186
,295,1951,1306,1240
,300,2008,1329,1159
,305,2214,1429,1278
,310,2125,1536,1329
,315,2215,1552,1297
,320,2244,1428,1292
,325,2174,1447,1319
,330,2242,1475,1387
,335,2422,1502,1420
,340,2393,1530,1391
,345,2526,1550,1411
,350,2656,1576,1421
,355,2751,1604,1423
,360,2665,1677,1509
,365,2881,1707,1618
,370,2946,1676,1472
,375,2974,1716,1524
,380,3049,1728,1553
,385,3091,1782,1596
,390,3273,1811,1672
,395,3571,1819,1664
,400,3357,1979,1794
,405,3564,2119,1736
,410,3826,1915,1882
,415,3834,1945,1784
,420,3905,2019,1776
,425,4046,2027,1783
,430,3942,2003,1818
,435,3900,2104,1884
,440,4143,2121,1876
,445,4549,2114,1921
,450,4565,2131,1989
,455,4528,2170,2008
,460,4629,2396,2074
,465,4815,2221,1948
,470,4660,2224,1987
,475,4887,2280,2176
,480,5403,2288,2119
,485,4949,2332,2139
,490,5060,2389,2178
,495,5157,2528,2299
,500,5000,2498,2133
###############################################,,,,
,5,11.9999999999,13.9999999993,15.0000000003
,10,15.0000000003,25.9999999992,28.0000000004
,15,22.0000000004,41.9999999997,52.0000000002
,20,29.9999999998,59.9999999995,70
,25,51.9999999993,76,93.9999999998
,30,61.9999999998,93.9999999998,96.0000000001
,35,55.0000000006,112.000000001,111
,40,71.0000000002,132,151
,45,86.9999999997,150,142
,50,95,173,164
,55,111,190,195.000000001
,60,134.999999999,210,233
,65,140,233.000000001,215
,70,147.999999999,251,244
,75,166,275,299
,80,198,300,294.999999999
,85,212,348,305.999999999
,90,242,350,346
,95,276,379.000000001,385
,100,325,389.999999999,358
,105,303,408,410
,110,338.999999999,437,439
,115,407,508,464.999999999
,120,371,484.999999999,502
,125,436.000000001,508,500
,130,431,534,502
,135,467,537,494.000000001
,140,528,586.999999999,514
,145,547.999999999,620.000000001,556
,150,614,621,614.000000001
,155,598,636,604
,160,642,663,691
,165,715,682,641
,170,687,711,614
,175,764,757,744
,180,819,797,783
,185,820.999999999,794,724
,190,947,802.999999999,729
,195,946,835,758
,200,910,853,792
,205,1043,891,811.000000001
,210,1072,894,904.999999999
,215,1069,948,916
,220,1048,950,887
,225,1170,972,892
,230,1170,1023,996
,235,1250,1003,919
,240,1283,1028,963
,245,1339,1049,991
,250,1331,1072,992
,255,1445,1106,989.000000001
,260,1489,1122,1013
,265,1531,1149,1038
,270,1657,1179,1042
,275,1720,1205,1134
,280,1826,1219,1137
,285,1854,1254,1142
,290,1895,1272,1137
,295,2024,1306,1302
,300,1898,1324,1194
,305,2071,1365,1284
,310,2133,1408,1243
,315,2052,1398,1237
,320,2195,1424,1316
,325,2319,1451,1314
,330,2436,1474,1315
,335,2374,1511,1379
,340,2447,1546,1428
,345,2569,1553,1407
,350,2593,1570,1438
,355,2741,1597,1463
,360,2807,1629,1424
,365,3043,1656,1479
,370,2991,1679,1512
,375,3130,1701,1475
,380,2965,1724,1457
,385,3227,1756,1618
,390,3176,1785,1594
,395,3279,1801,1724
,400,3577,1829,1712
,405,3336,1858,1612
,410,3777,1894,1714
,415,3709,1897,1739
,420,3750,1949,1774
,425,3759,2065,1722
,430,4010,2142,1794
,435,4128,2065,1934
,440,3915,2124,1804
,445,4173,2085,1854
,450,4768,2228,1959
,455,4568,2266,1966
,460,4580,2170,1982
,465,4779,2208,2137
,470,4412,2210,2104
,475,4943,2269,1983
,480,4929,2251,2068
,485,4812,2274,1977
,490,5097,2289,2071
,495,5235,2346,2015
,500,5383,2418,2144
###############################################,,,,
,5,10.9999999998,15.0000000003,14.9999999994
,10,15.9999999996,26.0000000001,27.9999999995
,15,23.0000000006,42.9999999998,41.9999999997
,20,29.0000000005,59.0000000003,60.9999999996
,25,40.9999999995,76,77.0000000001
,30,49.0000000006,98.0000000004,97.9999999995
,35,60.9999999996,115,104
,40,71.0000000002,131.000000001,142
,45,79.9999999996,156,158
,50,98.9999999996,171,172
,55,111,192.999999999,204
,60,118,208,199
,65,140,232,222.999999999
,70,158,255,257
,75,173.999999999,273,268
,80,197,293.999999999,278
,85,216,316,284
,90,241,338,317.999999999
,95,256,356,359
,100,284.000000001,380,348
,105,306,400,378
,110,327,421.999999999,417.000000001
,115,379,450,414
,120,383.999999999,483,491.999999999
,125,424,499,436
,130,439,511,478.999999999
,135,468.000000001,538.000000001,538
,140,489.999999999,571,559
,145,458.999999999,582.000000001,570
,150,520,617,559
,155,627.000000001,644,603
,160,657,649.999999999,608
,165,661,675,640
,170,689,696,612
,175,730,713,629.999999999
,180,796,741,698
,185,859,808,751.999999999
,190,825,791,679.000000001
,195,865,818,761
,200,989,837,751
,205,947,859.999999999,782
,210,1034,880,814.999999999
,215,975,913,848
,220,1137,984,858
,225,1179,952,889
,230,1138,982,915
,235,1260,1000,947
,240,1259,1031,951
,245,1313,1051,969
,250,1483,1098,1045
,255,1489,1135,1076
,260,1401,1153,1038
,265,1630,1198,1216
,270,1572,1215,1114
,275,1826,1231,1117
,280,1688,1255,1195
,285,1960,1347,1307
,290,1786,1309,1248
,295,1931,1313,1216
,300,2069,1356,1372
,305,2070,1382,1329
,310,2184,1405,1237
,315,2256,1584,1380
,320,2153,1577,1319
,325,2296,1492,1557
,330,2372,1530,1404
,335,2348,1531,1430
,340,2666,1589,1499
,345,2543,1618,1605
,350,2813,1629,1461
,355,2771,1627,1572
,360,2965,1667,1490
,365,2930,1775,1663
,370,2912,1745,1644
,375,3183,1761,1674
,380,3121,1803,1617
,385,3279,1750,1604
,390,3162,1779,1587
,395,3522,1802,1576
,400,3589,1829,1644
,405,3469,1869,1679
,410,3609,1967,1729
,415,3522,1897,1766
,420,3715,1976,1833
,425,3716,1957,1740
,430,4007,2103,1804
,435,3954,2014,1768
,440,4276,2057,1869
,445,4119,2058,1810
,450,4182,2194,1965
,455,4183,2117,2127
,460,4444,2174,1887
,465,4528,2227,2000
,470,4552,2190,1982
,475,4840,2224,1949
,480,4773,2241,1966
,485,4553,2286,1967
,490,4864,2321,2076
,495,5141,2372,2159
,500,5382,2428,2186
###############################################,,,,
,5,11.9999999999,15.0000000003,15.9999999996
,10,15.0000000003,26.9999999993,28.0000000004
,15,21.0000000003,42.0000000005,52.0000000002
,20,30.9999999999,58.9999999994,77.0000000001
,25,42.0000000005,78.0000000002,84.0000000002
,30,51,96.9999999993,103
,35,59.9999999995,140,121
,40,71.0000000002,133,133
,45,89,172,148
,50,98.9999999996,181,186
,55,105,198,193
,60,127,210,205.999999999
,65,140,229.999999999,270
,70,172,260,253
,75,178.999999999,293,264
,80,201,306,267
,85,229,319,322
,90,224,338.999999999,320
,95,257,360,348
,100,269,381,399
,105,313,417,388
,110,317,432,387
,115,360,468,474
,120,393.000000001,484,439
,125,399.000000001,507,479
,130,449.000000001,534.999999999,533
,135,491.999999999,589,498
,140,518,616,546
,145,514.000000001,597,567
,150,572,632,587
,155,586,645,618.999999999
,160,643.999999999,660,615
,165,733,686,645
,170,667,707,677
,175,822,757,690
,180,819.000000001,750,724
,185,810,763,738
,190,888,833,800.000000001
,195,945,814,809
,200,971,868,869
,205,1046,904.999999999,884
,210,1035,896,870
,215,1068,909,802.999999999
,220,1157,931,849.000000001
,225,1175,968,913
,230,1217,980,853
,235,1287,1002,945
,240,1303,1028,951.000000001
,245,1387,1060,1063
,250,1411,1075,990
,255,1487,1131,1001
,260,1428,1130,1056
,265,1515,1152,1048
,270,1595,1192,1021
,275,1669,1202,1142
,280,1662,1274,1291
,285,1764,1327,1189
,290,1900,1286,1160
,295,1898,1334,1214
,300,1831,1325,1209
,305,2009,1348,1180
,310,2216,1380,1240
,315,2177,1400,1284
,320,2374,1427,1271
,325,2286,1456,1274
,330,2489,1482,1365
,335,2417,1498,1406
,340,2515,1525,1392
,345,2542,1609,1432
,350,2548,1576,1382
,355,2609,1603,1433
,360,2731,1625,1577
,365,2932,1653,1551
,370,2952,1742,1603
,375,3025,1705,1513
,380,3109,1739,1511
,385,3321,1764,1571
,390,3132,1787,1755
,395,3524,1920,1708
,400,3485,1833,1638
,405,3559,1859,1672
,410,3577,1880,1646
,415,3486,1924,1711
,420,3772,1941,1819
,425,3812,1967,1700
,430,3995,1978,1795
,435,3902,2008,1856
,440,4274,2035,1872
,445,4100,2058,1895
,450,4450,2089,1893
,455,4178,2124,1925
,460,4313,2147,1931
,465,4290,2180,1976
,470,4670,2219,2054
,475,4625,2210,2173
,480,4795,2250,2055
,485,4872,2294,2066
,490,4944,2294,2074
,495,5102,2332,2056
,500,5258,2354,2124
###############################################,,,,
,5,14.9999999994,15.0000000003,12.0000000008
,10,16.9999999997,27.9999999995,29.0000000005
,15,21.0000000003,43.9999999999,48.9999999997
,20,30.9999999999,60.0000000004,65.9999999995
,25,35.9999999997,77.0000000001,85.9999999996
,30,44.9999999992,99.0000000005,89.9999999993
,35,59.0000000003,113,112
,40,72.9999999995,133,136
,45,96.0000000001,152.000000001,147
,50,99.9999999998,171,181
,55,106,194,208
,60,139,207.000000001,195
,65,140,229,221
,70,166,254,257
,75,174,273,270
,80,190,291,274.999999999
,85,200,340,334
,90,235,339,311
,95,257,356,323
,100,280,380,377
,105,297,404,364
,110,332,426.999999999,445
,115,372,452,423.000000001
,120,378,466,466
,125,412,516,476
,130,466,522.999999999,531.000000001
,135,486,558,560
,140,531.000000001,566.999999999,541
,145,487.000000001,594,559
,150,585,614.000000001,578
,155,596.000000001,730,663
,160,662,675,748
,165,650,699,754.000000001
,170,685,712,634.000000001
,175,730,722,713
,180,776,777,700
,185,857.000000001,786.000000001,688.999999999
,190,907.000000001,800.999999999,809
,195,921,826.999999999,758
,200,984,843,792
,205,944,888,841
,210,1096,953,945.000000001
,215,1068,943,1020
,220,1162,944,874
,225,1157,974,975
,230,1237,1005,922.999999999
,235,1249,1045,967
,240,1397,1038,973
,245,1394,1053,951.000000001
,250,1338,1111,1053
,255,1481,1107,1008
,260,1501,1126,1045
,265,1587,1153,1047
,270,1458,1184,1086
,275,1762,1201,1029
,280,1752,1229,1201
,285,1791,1254,1260
,290,2104,1346,1194
,295,1931,1305,1242
,300,1969,1341,1333
,305,2006,1354,1171
,310,2114,1399,1230
,315,2154,1406,1229
,320,2375,1442,1376
,325,2283,1451,1272
,330,2422,1488,1313
,335,2509,1499,1367
,340,2527,1521,1398
,345,2535,1563,1426
,350,2691,1573,1538
,355,2713,1599,1477
,360,2738,1623,1583
,365,2786,1654,1505
,370,2891,1681,1766
,375,2962,1817,1519
,380,2909,1737,1483
,385,3009,1740,1579
,390,3242,1774,1515
,395,3611,1826,1604
,400,3503,1860,1613
,405,3289,1864,1664
,410,3477,1882,1629
,415,3544,1951,1853
,420,3855,1926,1778
,425,3938,1966,1774
,430,3897,1977,1750
,435,3876,2039,1795
,440,4259,2101,2003
,445,4317,2056,1808
,450,4112,2089,1982
,455,4219,2111,1878
,460,4536,2168,1938
,465,4597,2178,1983
,470,4583,2247,1987
,475,4780,2218,1955
,480,5065,2245,2016
,485,4731,2327,2182
,490,5039,2302,2100
,495,5134,2318,2092
,500,5120,2381,2116
###############################################,,,,
,5,10.9999999998,15.0000000003,15.9999999996
,10,16.0000000005,26.0000000001,37.0000000007
,15,21.0000000003,41.9999999997,42.9999999998
,20,29.9999999998,59.0000000003,61.9999999998
,25,38,77.0000000001,79.9999999996
,30,48.9999999997,93.9999999998,92.0000000004
,35,61.9999999998,113,107
,40,73.9999999997,138,133
,45,78.0000000002,152,154.999999999
,50,92.9999999997,172,175
,55,112,191,169
,60,131.000000001,214.000000001,222
,65,150.000000001,233.000000001,220
,70,166.999999999,253,283
,75,191,283,286
,80,202,298,258
,85,224.999999999,317,306
,90,257,336,320
,95,275,355.000000001,326
,100,265.000000001,389,352
,105,308,405,393
,110,312.999999999,515,403
,115,354,448,410
,120,426,481.000000001,435
,125,430.000000001,497.999999999,453
,130,446.999999999,531,470
,135,448,532,513
,140,503,563.000000001,569
,145,563,582,536
,150,574,610,589.000000001
,155,586,655,599.999999999
,160,672.000000001,656,621
,165,617,675,637
,170,687,699,646
,175,788,722.000000001,662
,180,789,747,747
,185,804,769.999999999,735.000000001
,190,884.999999999,784,736
,195,932,898,804
,200,922.999999999,836.000000001,787
,205,1006,888.000000001,813.999999999
,210,1092,921.000000001,899
,215,1001,935,885.999999999
,220,1130,947.999999999,883
,225,1157,984,882.000000001
,230,1259,990,969
,235,1301,1015,976.000000001
,240,1414,1114,951.000000001
,245,1347,1066,946.000000001
,250,1435,1094,984
,255,1435,1138,1109
,260,1519,1182,1079
,265,1585,1170,1045
,270,1677,1224,1126
,275,1775,1262,1135
,280,1831,1322,1206
,285,1892,1249,1196
,290,1841,1279,1185
,295,2028,1397,1264
,300,1988,1354,1245
,305,2099,1378,1338
,310,2282,1485,1376
,315,2169,1433,1502
,320,2263,1447,1264
,325,2275,1507,1346
,330,2495,1510,1408
,335,2470,1590,1439
,340,2559,1631,1393
,345,2617,1666,1425
,350,2688,1719,1658
,355,2805,1655,1587
,360,2773,1663,1466
,365,2854,1713,1597
,370,2867,1703,1670
,375,3239,1806,1588
,380,3124,1748,1681
,385,3378,1789,1675
,390,3367,1856,1701
,395,3435,1945,1624
,400,3445,1886,1740
,405,3318,1881,1743
,410,3631,1881,1696
,415,3677,1951,1715
,420,3765,2179,1812
,425,3785,1976,1867
,430,3916,1990,1789
,435,4140,2173,2033
,440,4114,2126,1939
,445,4130,2074,1840
,450,4099,2092,1948
,455,4264,2160,1935
,460,4495,2131,1939
,465,4641,2170,1838
,470,4855,2243,1973
,475,4854,2221,1910
,480,4656,2238,1993
,485,4945,2276,2481
,490,4934,2332,2108
,495,4953,2310,2120
,500,4878,2491,2105
###############################################,,,,
,5,11.9999999999,14.9999999994,16.0000000005
,10,15.9999999996,26.0000000001,27.9999999995
,15,21.9999999995,42.0000000005,42.9999999998
,20,27.9999999995,59.0000000003,57.9999999992
,25,36.9999999998,76,74.0000000006
,30,47.0000000004,94.0000000007,86.0000000005
,35,63.9999999992,112.000000001,114
,40,66.9999999996,132,129
,45,80.0000000005,152,154
,50,96.0000000001,177,162
,55,109.999999999,192,191
,60,136,210,211
,65,142,232,238
,70,166.999999999,252.000000001,258.000000001
,75,179,278.000000001,253.000000001
,80,207.000000001,317.999999999,292
,85,239.000000001,355,374
,90,247,356,322
,95,249,366,335
,100,310.000000001,385.000000001,382.999999999
,105,331,413,380
,110,323,469,499
,115,356,465,433.999999999
,120,410,474.000000001,455
,125,412,499,451
,130,470,520,479
,135,495,546,514
,140,464,572,565
,145,567,588,580.999999999
,150,608,648.999999999,603
,155,576,628,590
,160,617,673,646
,165,694,696,653
,170,680,704.000000001,693
,175,728,731,662.999999999
,180,801.999999999,790,749
,185,870,793,745
,190,876,812,753
,195,902,904,815
,200,917,849,751.999999999
,205,960,933,821.999999999
,210,936,883,788
,215,1093,919,848
,220,1116,974,869
,225,1252,972,865
,230,1322,1028,1075
,235,1235,1035,928
,240,1373,1064,972
,245,1382,1083,1121
,250,1402,1093,990
,255,1479,1118,1063
,260,1565,1168,1134
,265,1581,1182,1066
,270,1680,1264,1146
,275,1637,1239,1191
,280,1762,1277,1178
,285,1942,1344,1272
,290,1840,1304,1166
,295,1998,1366,1152
,300,2018,1339,1303
,305,2390,1392,1284
,310,2194,1419,1238
,315,2165,1480,1360
,320,2358,1462,1433
,325,2394,1461,1409
,330,2388,1579,1474
,335,2537,1542,1476
,340,2562,1561,1476
,345,2675,1623,1512
,350,2659,1623,1415
,355,2839,1624,1618
,360,2765,1715,1549
,365,2888,1744,1608
,370,3125,1734,1571
,375,3102,1777,1627
,380,3157,1819,1566
,385,3302,1896,1709
,390,3350,1840,1629
,395,3438,1855,1809
,400,3458,2033,1747
,405,3645,2059,1739
,410,3713,1885,1801
,415,3545,1930,1715
,420,3686,1977,1769
,425,3710,1957,1804
,430,4024,1979,1783
,435,3780,2025,2010
,440,4031,2044,1768
,445,4288,2065,1949
,450,4206,2087,1926
,455,4187,2167,2050
,460,4495,2145,1898
,465,4684,2177,1872
,470,4754,2198,1918
,475,4666,2286,2010
,480,4877,2232,1986
,485,5095,2266,1977
,490,4737,2436,2113
,495,5269,2421,2044
,500,5373,2394,2102
###############################################,,,,
,5,11.9999999999,15.0000000003,11.0000000006
,10,14.9999999994,27.0000000002,52.0000000002
,15,21.0000000003,41.9999999997,45.0000000001
,20,30.9999999999,59.9999999995,66.0000000003
,25,39.9999999994,77.0000000001,85.9999999996
,30,49.9999999999,92.9999999997,111
,35,55.9999999998,113,113
,40,72.0000000003,131,143
,45,84.0000000002,151.000000001,143
,50,92.9999999997,168,159
,55,118.000000001,190,198.999999999
,60,123,217,229
,65,163.000000001,237,232
,70,173,291,257
,75,185,279,278
,80,233.000000001,299,283
,85,222,335.000000001,303.000000001
,90,257,344.999999999,321
,95,248,367.000000001,344.999999999
,100,273,387,370
,105,308,416,401
,110,353,427,417
,115,373,452,497.999999999
,120,419,492,444
,125,453,505,464.999999999
,130,474.000000001,519,522.999999999
,135,469.000000001,550,536
,140,549,578,508
,145,526,586.999999999,546
,150,560,632,548
,155,602,640,582
,160,633,661,602
,165,683,686,703.000000001
,170,729,832,725
,175,757,727,689
,180,783,757,686
,185,807,791,726.999999999
,190,894.000000001,807,766
,195,900,820,753
,200,913,916,751.999999999
,205,973,857,775
,210,975,881,835
,215,1024,925,874
,220,1092,967.999999999,862.000000001
,225,1247,959.999999999,875.000000001
,230,1222,979,852.999999999
,235,1189,1004,1004
,240,1313,1018,979
,245,1391,1054,1039
,250,1449,1073,939
,255,1448,1099,975
,260,1625,1128,997
,265,1601,1192,1086
,270,1691,1181,1145
,275,1661,1204,1074
,280,1680,1227,1172
,285,1734,1335,1093
,290,1912,1299,1191
,295,1818,1303,1154
,300,1878,1360,1320
,305,2148,1362,1320
,310,2197,1525,1378
,315,2129,1400,1235
,320,2210,1417,1247
,325,2223,1446,1414
,330,2326,1516,1365
,335,2469,1518,1374
,340,2480,1528,1417
,345,2474,1734,1492
,350,2747,1636,1440
,355,2758,1663,1651
,360,2996,1672,1524
,365,3035,1799,1523
,370,2996,1735,1624
,375,3067,1770,1549
,380,3280,1835,1573
,385,3141,1770,1639
,390,3405,1858,1646
,395,3368,1840,1652
,400,3598,1944,1795
,405,3626,1880,1749
,410,3646,1888,1806
,415,3675,2015,1834
,420,4239,2037,1736
,425,3899,2006,1841
,430,4139,2038,1805
,435,4197,2030,1877
,440,4075,2081,1910
,445,4040,2072,1907
,450,4571,2126,1971
,455,4282,2132,1870
,460,4565,2142,1958
,465,4500,2167,1915
,470,5065,2188,1955
,475,4560,2287,2109
,480,4666,2243,2007
,485,4842,2263,2027
,490,4806,2330,2164
,495,5264,2335,2049
,500,5146,2357,2149
###############################################,,,,
,5,9.9999999996,14.0000000002,15.0000000003
,10,15.9999999996,27.0000000002,28.0000000004
,15,22.9999999997,42.0000000005,45.9999999993
,20,29.0000000005,58.9999999994,64.0000000001
,25,39.0000000001,76,73.0000000004
,30,42.9999999998,99.9999999998,87.9999999999
,35,58.0000000001,113.000000001,109.999999999
,40,70,134,127
,45,87.9999999999,156,152
,50,96.9999999993,171,173
,55,103,191,191.999999999
,60,132,209,198
,65,147,232,216.999999999
,70,157.000000001,256,247
,75,179,272.000000001,266.999999999
,80,211,293,280
,85,224,322,299
,90,236.999999999,352,340
,95,276,363.999999999,364
,100,280,379,363.999999999
,105,288,399.000000001,366
,110,332,430,402
,115,329.000000001,450,430
,120,387,469,442
,125,430.000000001,515.999999999,507
,130,439,511,469
,135,458,537,496
,140,516.999999999,564,487.000000001
,145,554,582,536
,150,580,610,586
,155,599,632,559
,160,634,649,616
,165,683,675,624
,170,674,697,725
,175,764,721,715
,180,765,770,725
,185,835,770,755
,190,897,799,834
,195,865,831,769
,200,1007,848,829
,205,992,935,824
,210,1033,894.000000001,794
,215,1070,913.000000001,889
,220,1132,950,867
,225,1241,961,864
,230,1176,980,890.999999999
,235,1180,1069,1019
,240,1312,1096,957
,245,1310,1071,1105
,250,1457,1098,1053
,255,1558,1212,1093
,260,1615,1166,1205
,265,1651,1159,1085
,270,1629,1189,1120
,275,1772,1262,1142
,280,1825,1240,1172
,285,1711,1257,1162
,290,1809,1289,1218
,295,1910,1305,1206
,300,2021,1325,1246
,305,1985,1396,1363
,310,2281,1381,1318
,315,2100,1410,1263
,320,2221,1425,1271
,325,2247,1450,1248
,330,2311,1468,1323
,335,2466,1540,1483
,340,2371,1591,1398
,345,2491,1575,1420
,350,2599,1574,1387
,355,2593,1606,1553
,360,2783,1634,1494
,365,2862,1659,1493
,370,2986,1683,1510
,375,2942,1707,1531
,380,3140,1720,1638
,385,3111,1797,1670
,390,3124,1786,1590
,395,3321,1805,1573
,400,3324,1832,1561
,405,3294,1854,1660
,410,3675,1875,1603
,415,3655,2022,1954
,420,3612,1942,1721
,425,3831,1997,1883
,430,3870,1984,1790
,435,3948,2009,1807
,440,4068,2029,1831
,445,4301,2140,1954
,450,4211,2149,1844
,455,4277,2128,1918
,460,4551,2131,1924
,465,4450,2226,1951
,470,4637,2188,1932
,475,4925,2218,1938
,480,4852,2241,1996
,485,4828,2273,2014
,490,4777,2303,2023
,495,5223,2331,2053
,500,5242,2408,2218
###############################################,,,,
,5,10.9999999998,15.0000000003,11.9999999999
,10,15.9999999996,27.0000000002,28.0000000004
,15,19.9999999992,43.0000000007,41.9999999997
,20,27.0000000002,59.9999999995,61.0000000005
,25,38,83.0000000001,78.0000000002
,30,46.0000000002,95,103
,35,58.0000000001,114,107
,40,71.0000000002,132,139
,45,85.0000000003,151,154.999999999
,50,93.9999999998,223,184
,55,114.000000001,190,194
,60,130,217,209
,65,137,232,221.000000001
,70,160.999999999,253,254
,75,184,277,256
,80,182,292,274
,85,200,316,312
,90,247,336,321
,95,262,370,357
,100,274,380,380
,105,301,401.999999999,393
,110,325.999999999,426,416
,115,353,449,468
,120,393,476,423
,125,401,491.999999999,447
,130,446,511,507.000000001
,135,486,533.000000001,566
,140,496,562,547
,145,553.999999999,585,567
,150,619,607,595
,155,600,627.000000001,585
,160,609,656,685
,165,669,680.999999999,643
,170,727,702,652
,175,734,728,681.999999999
,180,783,741,687
,185,841,764.999999999,692
,190,801,830.000000001,722.000000001
,195,1014,859,843.000000001
,200,957,838,830
,205,1048,860,773.000000001
,210,1088,884.999999999,810
,215,1091,1005,881.000000001
,220,1140,961,856
,225,1252,980,955
,230,1231,1014,916.999999999
,235,1357,1030,956
,240,1436,1065,1103
,245,1384,1081,1029
,250,1550,1107,1161
,255,1475,1234,1268
,260,1639,1168,1141
,265,1664,1221,1134
,270,1827,1225,1184
,275,1793,1210,1129
,280,1611,1245,1059
,285,1799,1255,1147
,290,1883,1277,1150
,295,1961,1344,1262
,300,2000,1332,1201
,305,1922,1398,1290
,310,2048,1381,1281
,315,2165,1414,1305
,320,2251,1426,1324
,325,2300,1513,1327
,330,2271,1483,1364
,335,2475,1506,1522
,340,2473,1525,1383
,345,2578,1555,1348
,350,2727,1582,1420
,355,2621,1609,1414
,360,2702,1625,1451
,365,2849,1716,1579
,370,2718,1680,1481
,375,3082,1723,1564
,380,3089,1728,1564
,385,2991,1754,1632
,390,3123,1814,1629
,395,3533,1798,1581
,400,3293,1932,1651
,405,3429,1867,1742
,410,3538,1878,1761
,415,3678,1904,1668
,420,3696,1989,1756
,425,3974,1989,1784
,430,3939,1978,1869
,435,3832,2014,1710
,440,3891,2063,1792
,445,4232,2124,1860
,450,4418,2090,1933
,455,4432,2112,1943
,460,4367,2148,1844
,465,4494,2196,1934
,470,4625,2196,1990
,475,4828,2254,1907
,480,4772,2237,2035
,485,4949,2277,2186
,490,5368,2400,2105
,495,5001,2321,2028
,500,5454,2347,2034
###############################################,,,,
,5,9.9999999996,14.0000000002,15.0000000003
,10,14.9999999994,26.0000000001,32
,15,21.0000000003,42.9999999998,48.9999999997
,20,28.0000000004,59.9999999995,55.9999999998
,25,36.9999999998,83.0000000001,85.0000000003
,30,47.9999999996,95,95
,35,54.9999999997,113.000000001,108
,40,70,133,140
,45,83.0000000001,152,159.999999999
,50,91.9999999995,171,193
,55,102,190,184
,60,129,210.999999999,215
,65,144,235,239
,70,154,253,243
,75,181,290.000000001,257
,80,194,297,328.000000001
,85,220,315,301
,90,240,340,337
,95,271,357,316
,100,274,387,349.999999999
,105,342,417.000000001,413
,110,330,431.000000001,389
,115,342,446.999999999,404
,120,377,473.000000001,433.000000001
,125,419.999999998,493.000000001,475
,130,453,513.999999999,475.999999999
,135,491,539.000000002,517
,140,510,563,504.000000001
,145,509.000000001,598,553.999999999
,150,540.999999998,605.999999999,554.999999999
,155,561.000000001,627,551.999999999
,160,624,651.999999999,569
,165,696,669,647.000000001
,170,704.000000001,701.999999999,667
,175,715,729,634.999999999
,180,848.999999999,772,693
,185,796.000000001,772,726.999999999
,190,870.000000001,799.000000001,729
,195,884.999999998,819,785
,200,931.000000001,890,853.999999999
,205,1049,863.000000001,804
,210,950,883,843.999999999
,215,1038,917.000000001,845.999999999
,220,1132,932.000000001,888
,225,1183,954.999999999,843
,230,1167,986.000000001,869.999999999
,235,1246,1075,1031
,240,1261,1050,985
,245,1411,1097,1238
,250,1351,1100,1033
,255,1497,1136,1028
,260,1585,1141,1068
,265,1606,1165,1050
,270,1641,1185,1126
,275,1691,1235,1097
,280,1706,1255,1120
,285,1786,1259,1103
,290,1790,1278,1146
,295,1916,1307,1275
,300,2057,1329,1181
,305,1960,1361,1255
,310,2171,1379,1225
,315,2171,1427,1300
,320,2259,1459,1405
,325,2314,1499,1343
,330,2510,1475,1474
,335,2494,1526,1487
,340,2586,1567,1405
,345,2564,1618,1364
,350,2722,1701,1464
,355,2655,1636,1419
,360,2753,1675,1607
,365,3016,1707,1562
,370,3170,1701,1536
,375,2972,1709,1529
,380,2983,1725,1670
,385,3204,1843,1721
,390,3470,1808,1568
,395,3352,1844,1665
,400,3548,1859,1697
,405,3441,1960,1747
,410,3783,1981,1887
,415,3566,1908,1695
,420,3751,1935,1739
,425,3907,2005,1737
,430,3963,1981,1861
,435,3868,2010,1856
,440,4045,2066,1887
,445,4427,2080,1919
,450,4099,2098,1864
,455,4342,2119,1922
,460,4382,2172,2033
,465,4656,2212,2028
,470,4480,2231,1980
,475,4831,2218,1960
,480,4905,2293,2041
,485,4908,2272,2026
,490,4814,2315,2019
,495,5231,2336,2142
,500,5073,2349,2114
